{
  "name": "page_index",
  "page_id": "page_index",
  "glb_ctl_cfg": false,
  "datasource": {
    "method": "",
    "params": [],
    "adapter": [],
    "data": {}
  },
  "setEvent": [],
  "configs": [],
  "auto_start_controls": [
    "page_index_SatelliteWidget_0"
  ],
  "position": [],
  "attr": [],
  "controls": [
    {
      "control_id": "page_index_SatelliteWidget_0",
      "xtype": "SatelliteWidget",
      "layout": "",
      "script": false,
      "datasource": {
        "method": "",
        "cache": "",
        "params": [],
        "adapter": [],
        "data": {}
      },
      "setEvent": [],
      "configs": [],
      "attr": [],
      "auto_start_controls": true,
      "position": [
        {
          "key": "parent",
          "value": "activity_item_container_llayout"
        },
        {
          "key": "location",
          "value": "0"
        },
        {
          "key": "insertType",
          "value": "1"
        }
      ]
    }
  ]
}