{
  "name": "page_tab_news",
  "page_id": "page_tab_news",
  "glb_ctl_cfg": false,
  "datasource": {
    "method": "",
    "params": [],
    "adapter": [],
    "data": {}
  },
  "setEvent": [],
  "configs": [],
  "auto_start_controls": [
    "page_tab_news_ListViewBase_0",
    "page_tab_news_ActionBarWidget_0"
  ],
  "position": [],
  "attr": [],
  "controls": [
    {
      "control_id": "page_tab_news_ListViewBase_0",
      "xtype": "LayoutButtonWidget",
      "layout": "",
      "script": false,
      "datasource": {
        "method": "",
        "cache": "",
        "params": [],
        "adapter": [],
        "data": {
          "tabDataList": [
            {
              "id": "524",
              "title": "赛事报名",
              "icon": "page_fragment_jingan_itembg_jianshen"
            },
            {
              "id": "519",
              "title": "最新消息",
              "icon": "page_fragment_jingan_itembg_zuixin"
            },
            {
              "id": "520",
              "title": "主题活动",
              "icon": "page_fragment_jingan_itembg_huodong"
            },
            {
              "id": "521",
              "icon": "page_fragment_jingan_itembg_tese",
              "title": "楼宇特色"
            },
            {
              "id": "522",
              "title": "静安体彩",
              "icon": "page_fragment_jingan_itembg_ticai"
            },
            {
              "id": "523",
              "title": "竞技体育",
              "icon": "page_fragment_jingan_itembg_tiyu"
            },
            {
              "id": "524",
              "title": "公共体育",
              "icon": "page_fragment_jingan_itembg_zuixinggty"
            },
            {
              "id": "524",
              "title": "其他",
              "icon": "page_fragment_jingan_itembg_qita"
            }
          ]
        }
      },
      "setEvent": [],
      "configs": [],
      "attr": [],
      "auto_start_controls": true,
      "position": [
        {
          "key": "parent",
          "value": "blank_llayout"
        },
        {
          "key": "location",
          "value": "0"
        },
        {
          "key": "insertType",
          "value": "1"
        }
      ]
    },
    {
      "control_id": "page_tab_news_ActionBarWidget_0",
      "xtype": "ActionBarWidget",
      "layout": "",
      "datasource": {
        "method": "",
        "params": [],
        "adapter": [],
        "data": {
          "actionBarBg": "#FFf9f9f9",
          "homeIcon": "webview/images/icon/default/actionbar_back.png",
          "title": "赛事活动",
          "withActionBar": "true",
          "menuItemsData": {
            "menuList": [
              {
                "itemId": "action_bar_menu_item_gen",
                "clickTag": "3",
                "title": "我的",
                "iconName": "webview/images/icon/default/my.png",
                "showAsAction": "always"
              }
            ]
          }
        }
      },
      "setEvent": [],
      "configs": [],
      "auto_start_controls": false,
      "position": [],
      "attr": []
    }
  ]
}